file_name,relative_path,file_size_human,width,height,subject,best_page_section,alt_text,image_stage,service_category,needs_human_review,notes
65946385690__73001705-83C7-46CA-9D7F-B207F7C8FDBC.jpg,images/65946385690__73001705-83C7-46CA-9D7F-B207F7C8FDBC.jpg,1.2 MB,1536,2048,,,,needs-review,,True,
71139958228__8A3020C3-F848-4B44-A138-0EF9B0435FBE.jpg,images/71139958228__8A3020C3-F848-4B44-A138-0EF9B0435FBE.jpg,841.8 KB,1536,2048,,,,needs-review,,True,
Benson Enterprises.jpg,images/Benson Enterprises.jpg,248.3 KB,2222,1535,,,,needs-review,,True,
Image (1).jpg,images/Image (1).jpg,2.2 MB,4096,1536,,,,needs-review,,True,
Image.jpg,images/Image.jpg,2.2 MB,4096,1536,,,,needs-review,,True,
IMG_0001.jpg,images/IMG_0001.jpg,247.5 KB,720,960,,,,needs-review,,True,
IMG_0002.jpg,images/IMG_0002.jpg,215.0 KB,720,960,,,,needs-review,,True,
IMG_0003.jpg,images/IMG_0003.jpg,241.0 KB,720,960,,,,needs-review,,True,
IMG_0004.jpg,images/IMG_0004.jpg,146.2 KB,720,960,,,,needs-review,,True,
IMG_0005 (1).jpg,images/IMG_0005 (1).jpg,106.2 KB,720,960,,,,needs-review,,True,
IMG_0005 (2).jpg,images/IMG_0005 (2).jpg,106.2 KB,720,960,,,,needs-review,,True,
IMG_0005.jpg,images/IMG_0005.jpg,106.2 KB,720,960,,,,needs-review,,True,
IMG_0006 (1).jpg,images/IMG_0006 (1).jpg,161.1 KB,720,960,,,,needs-review,,True,
IMG_0006.jpg,images/IMG_0006.jpg,161.1 KB,720,960,,,,needs-review,,True,
IMG_0007.jpg,images/IMG_0007.jpg,169.3 KB,720,960,,,,needs-review,,True,
IMG_0008.jpg,images/IMG_0008.jpg,118.0 KB,720,960,,,,needs-review,,True,
IMG_0009.jpg,images/IMG_0009.jpg,108.1 KB,720,960,,,,needs-review,,True,
IMG_0010 (1).jpg,images/IMG_0010 (1).jpg,105.1 KB,720,960,,,,needs-review,,True,
IMG_0010.jpg,images/IMG_0010.jpg,105.1 KB,720,960,,,,needs-review,,True,
IMG_0011 (1).jpg,images/IMG_0011 (1).jpg,203.7 KB,720,960,,,,needs-review,,True,
IMG_0011.jpg,images/IMG_0011.jpg,203.7 KB,720,960,,,,needs-review,,True,
IMG_0012.jpg,images/IMG_0012.jpg,229.8 KB,720,960,,,,needs-review,,True,
IMG_0013 (1).jpg,images/IMG_0013 (1).jpg,272.6 KB,720,960,,,,needs-review,,True,
IMG_0013.jpg,images/IMG_0013.jpg,272.6 KB,720,960,,,,needs-review,,True,
IMG_0014.jpg,images/IMG_0014.jpg,144.1 KB,720,960,,,,needs-review,,True,
IMG_0015 (1).jpg,images/IMG_0015 (1).jpg,102.2 KB,720,960,,,,needs-review,,True,
IMG_0015.jpg,images/IMG_0015.jpg,102.2 KB,720,960,,,,needs-review,,True,
IMG_0016.jpg,images/IMG_0016.jpg,114.5 KB,720,960,,,,needs-review,,True,
IMG_0017 (1).jpg,images/IMG_0017 (1).jpg,116.6 KB,720,960,,,,needs-review,,True,
IMG_0017.jpg,images/IMG_0017.jpg,116.6 KB,720,960,,,,needs-review,,True,
IMG_0018.jpg,images/IMG_0018.jpg,212.4 KB,720,960,,,,needs-review,,True,
IMG_0019.jpg,images/IMG_0019.jpg,121.4 KB,720,960,,,,needs-review,,True,
IMG_0020 (1).jpg,images/IMG_0020 (1).jpg,201.0 KB,720,960,,,,needs-review,,True,
IMG_0020 (2).jpg,images/IMG_0020 (2).jpg,201.0 KB,720,960,,,,needs-review,,True,
IMG_0020.jpg,images/IMG_0020.jpg,456.8 KB,1536,2048,,,,needs-review,,True,
IMG_0021 (1).jpg,images/IMG_0021 (1).jpg,61.7 KB,720,960,,,,needs-review,,True,
IMG_0021.jpg,images/IMG_0021.jpg,617.3 KB,1536,2048,,,,needs-review,,True,
IMG_0022 (1).jpg,images/IMG_0022 (1).jpg,59.5 KB,720,960,,,,needs-review,,True,
IMG_0022 (2).jpg,images/IMG_0022 (2).jpg,59.5 KB,720,960,,,,needs-review,,True,
IMG_0022.jpg,images/IMG_0022.jpg,584.1 KB,1536,2048,,,,needs-review,,True,
IMG_0023.jpg,images/IMG_0023.jpg,83.0 KB,720,960,,,,needs-review,,True,
IMG_0024.jpg,images/IMG_0024.jpg,86.3 KB,720,960,,,,needs-review,,True,
IMG_0025 (1).jpg,images/IMG_0025 (1).jpg,178.9 KB,720,960,,,,needs-review,,True,
IMG_0025.jpg,images/IMG_0025.jpg,178.9 KB,720,960,,,,needs-review,,True,
IMG_0026.jpg,images/IMG_0026.jpg,1.3 MB,1536,2049,,,,needs-review,,True,
IMG_0027.jpg,images/IMG_0027.jpg,505.9 KB,1536,2049,,,,needs-review,,True,
IMG_0028.jpg,images/IMG_0028.jpg,585.0 KB,1536,2049,,,,needs-review,,True,
IMG_0031.jpg,images/IMG_0031.jpg,1.2 MB,1536,2049,,,,needs-review,,True,
IMG_0032.jpg,images/IMG_0032.jpg,1.3 MB,1536,2049,,,,needs-review,,True,
IMG_0034.jpg,images/IMG_0034.jpg,1.2 MB,1536,2049,,,,needs-review,,True,
IMG_0035.jpg,images/IMG_0035.jpg,1.0 MB,1536,2049,,,,needs-review,,True,
IMG_0036.jpg,images/IMG_0036.jpg,1.4 MB,1536,2049,,,,needs-review,,True,
IMG_0037.jpg,images/IMG_0037.jpg,1.3 MB,1536,2049,,,,needs-review,,True,
IMG_0038.jpg,images/IMG_0038.jpg,1.4 MB,1536,2049,,,,needs-review,,True,
IMG_0039.jpg,images/IMG_0039.jpg,1.7 MB,1536,2049,,,,needs-review,,True,
IMG_0040.jpg,images/IMG_0040.jpg,1.3 MB,1536,2049,,,,needs-review,,True,
IMG_0045.jpg,images/IMG_0045.jpg,1.1 MB,1536,2049,,,,needs-review,,True,
IMG_0046.jpg,images/IMG_0046.jpg,1.0 MB,2049,1536,,,,needs-review,,True,
IMG_0047.jpg,images/IMG_0047.jpg,1.3 MB,1536,2049,,,,needs-review,,True,
IMG_0049.jpg,images/IMG_0049.jpg,1.3 MB,1536,2049,,,,needs-review,,True,
IMG_0050.jpg,images/IMG_0050.jpg,1.4 MB,1536,2049,,,,needs-review,,True,
IMG_0051.jpg,images/IMG_0051.jpg,868.5 KB,1708,2048,,,,needs-review,,True,
IMG_0052 (1).jpg,images/IMG_0052 (1).jpg,1.4 MB,1330,2364,,,,needs-review,,True,
IMG_0052.jpg,images/IMG_0052.jpg,1.2 MB,2049,1536,,,,needs-review,,True,
IMG_0055.jpg,images/IMG_0055.jpg,1.7 MB,1330,2364,,,,needs-review,,True,
IMG_0056 (1).jpg,images/IMG_0056 (1).jpg,971.3 KB,1080,1920,,,,needs-review,,True,
IMG_0056.jpg,images/IMG_0056.jpg,1.7 MB,1330,2364,,,,needs-review,,True,
IMG_0060.jpg,images/IMG_0060.jpg,788.4 KB,2049,1536,,,,needs-review,,True,
IMG_0062.jpg,images/IMG_0062.jpg,1.3 MB,2049,1537,,,,needs-review,,True,
IMG_0063.jpg,images/IMG_0063.jpg,1.1 MB,1536,2049,,,,needs-review,,True,
IMG_0066.jpg,images/IMG_0066.jpg,1.0 MB,2049,1536,,,,needs-review,,True,
IMG_0067 (1).jpg,images/IMG_0067 (1).jpg,596.0 KB,2208,1170,,,,needs-review,,True,
IMG_0067.jpg,images/IMG_0067.jpg,1003.8 KB,1330,2364,,,,needs-review,,True,
IMG_0068 (1).jpg,images/IMG_0068 (1).jpg,654.9 KB,2208,1170,,,,needs-review,,True,
IMG_0068 (2).jpg,images/IMG_0068 (2).jpg,654.9 KB,2208,1170,,,,needs-review,,True,
IMG_0068 (3).jpg,images/IMG_0068 (3).jpg,404.0 KB,1080,1920,,,,needs-review,,True,
IMG_0068.jpg,images/IMG_0068.jpg,1.1 MB,2364,1330,,,,needs-review,,True,
IMG_0069.jpg,images/IMG_0069.jpg,797.8 KB,2364,1330,,,,needs-review,,True,
IMG_0071 (1).jpg,images/IMG_0071 (1).jpg,1.4 MB,2730,1536,,,,needs-review,,True,
IMG_0071.jpg,images/IMG_0071.jpg,1.0 MB,2364,1330,,,,needs-review,,True,
IMG_0072 (1).jpg,images/IMG_0072 (1).jpg,1.4 MB,1536,2048,,,,needs-review,,True,
IMG_0072.jpg,images/IMG_0072.jpg,1.3 MB,2049,1536,,,,needs-review,,True,
IMG_0073.jpg,images/IMG_0073.jpg,748.4 KB,1536,2048,,,,needs-review,,True,
IMG_0074 (1).jpg,images/IMG_0074 (1).jpg,707.4 KB,1536,2048,,,,needs-review,,True,
IMG_0074 (2).jpg,images/IMG_0074 (2).jpg,612.4 KB,1536,2048,,,,needs-review,,True,
IMG_0074.jpg,images/IMG_0074.jpg,1.2 MB,2049,1536,,,,needs-review,,True,
IMG_0075.jpg,images/IMG_0075.jpg,486.9 KB,2048,1536,,,,needs-review,,True,
IMG_0076 (1).jpg,images/IMG_0076 (1).jpg,1.3 MB,1536,2048,,,,needs-review,,True,
IMG_0076.jpg,images/IMG_0076.jpg,1.1 MB,2049,1536,,,,needs-review,,True,
IMG_0078 (1).jpg,images/IMG_0078 (1).jpg,721.9 KB,2049,1536,,,,needs-review,,True,
IMG_0078 (2).jpg,images/IMG_0078 (2).jpg,1007.0 KB,2048,1536,,,,needs-review,,True,
IMG_0078.jpg,images/IMG_0078.jpg,721.9 KB,2049,1536,,,,needs-review,,True,
IMG_0079.jpg,images/IMG_0079.jpg,844.8 KB,2049,1536,,,,needs-review,,True,
IMG_0080.jpg,images/IMG_0080.jpg,591.9 KB,1536,2048,,,,needs-review,,True,
IMG_0081.jpg,images/IMG_0081.jpg,497.5 KB,1170,2208,,,,needs-review,,True,
IMG_0082.jpg,images/IMG_0082.jpg,405.3 KB,1537,2049,,,,needs-review,,True,
IMG_0120.jpg,images/IMG_0120.jpg,1.9 MB,2048,1536,,,,needs-review,,True,
IMG_0123 (1).jpg,images/IMG_0123 (1).jpg,1.7 MB,2048,1536,,,,needs-review,,True,
IMG_0123.jpg,images/IMG_0123.jpg,710.7 KB,2730,1536,,,,needs-review,,True,
IMG_0124 (1).jpg,images/IMG_0124 (1).jpg,1.9 MB,2048,1536,,,,needs-review,,True,
IMG_0124.jpg,images/IMG_0124.jpg,563.8 KB,2730,1536,,,,needs-review,,True,
IMG_0131.jpg,images/IMG_0131.jpg,569.8 KB,1536,2048,,,,needs-review,,True,
IMG_0137.jpg,images/IMG_0137.jpg,1.7 MB,1330,2364,,,,needs-review,,True,
IMG_0155.jpg,images/IMG_0155.jpg,815.5 KB,1536,2048,,,,needs-review,,True,
IMG_0166.jpg,images/IMG_0166.jpg,1.3 MB,1330,2364,,,,needs-review,,True,
IMG_0167 (1).jpg,images/IMG_0167 (1).jpg,1.3 MB,1330,2364,,,,needs-review,,True,
IMG_0167 (2).jpg,images/IMG_0167 (2).jpg,1.8 MB,1536,2730,,,,needs-review,,True,
IMG_0167.jpg,images/IMG_0167.jpg,832.3 KB,1536,2048,,,,needs-review,,True,
IMG_0171.jpg,images/IMG_0171.jpg,738.9 KB,1536,2048,,,,needs-review,,True,
IMG_0174.jpg,images/IMG_0174.jpg,707.4 KB,1536,2048,,,,needs-review,,True,
IMG_0175.jpg,images/IMG_0175.jpg,692.5 KB,1536,2048,,,,needs-review,,True,
IMG_0198.jpg,images/IMG_0198.jpg,1.2 MB,1536,2730,,,,needs-review,,True,
IMG_0206.jpg,images/IMG_0206.jpg,850.9 KB,2730,1536,,,,needs-review,,True,
IMG_0207.jpg,images/IMG_0207.jpg,1.2 MB,1536,2730,,,,needs-review,,True,
IMG_0208.jpg,images/IMG_0208.jpg,1.1 MB,1536,2730,,,,needs-review,,True,
IMG_0211.jpg,images/IMG_0211.jpg,869.4 KB,2048,1536,,,,needs-review,,True,
IMG_0214 (1).jpg,images/IMG_0214 (1).jpg,793.8 KB,2048,1536,,,,needs-review,,True,
IMG_0214.jpg,images/IMG_0214.jpg,793.8 KB,2048,1536,,,,needs-review,,True,
IMG_0227.jpg,images/IMG_0227.jpg,809.3 KB,1362,2421,,,,needs-review,,True,
IMG_0228.jpg,images/IMG_0228.jpg,724.2 KB,1055,2780,,,,needs-review,,True,
IMG_0236.jpg,images/IMG_0236.jpg,941.4 KB,1536,2730,,,,needs-review,,True,
IMG_0237.jpg,images/IMG_0237.jpg,1.1 MB,1536,2730,,,,needs-review,,True,
IMG_0241.jpg,images/IMG_0241.jpg,734.0 KB,1536,2730,,,,needs-review,,True,
IMG_0243.jpg,images/IMG_0243.jpg,998.2 KB,1536,2730,,,,needs-review,,True,
IMG_0258.jpg,images/IMG_0258.jpg,1.4 MB,1330,2364,,,,needs-review,,True,
IMG_0259.jpg,images/IMG_0259.jpg,1.3 MB,1330,2364,,,,needs-review,,True,
IMG_0265 (1).jpg,images/IMG_0265 (1).jpg,2.3 MB,1536,2730,,,,needs-review,,True,
IMG_0265.jpg,images/IMG_0265.jpg,2.3 MB,1536,2730,,,,needs-review,,True,
IMG_0302.jpg,images/IMG_0302.jpg,851.4 KB,1536,2048,,,,needs-review,,True,
IMG_0303.jpg,images/IMG_0303.jpg,931.8 KB,2048,1536,,,,needs-review,,True,
IMG_0309.jpg,images/IMG_0309.jpg,743.2 KB,1536,2048,,,,needs-review,,True,
IMG_0312.jpg,images/IMG_0312.jpg,1.2 MB,1536,2048,,,,needs-review,,True,
IMG_0313.jpg,images/IMG_0313.jpg,1.1 MB,1536,2048,,,,needs-review,,True,
IMG_0321.jpg,images/IMG_0321.jpg,1008.7 KB,2048,1536,,,,needs-review,,True,
IMG_0323.jpg,images/IMG_0323.jpg,1.0 MB,2048,1536,,,,needs-review,,True,
IMG_0327 (1).jpg,images/IMG_0327 (1).jpg,1.4 MB,2048,1536,,,,needs-review,,True,
IMG_0327.jpg,images/IMG_0327.jpg,1.4 MB,2048,1536,,,,needs-review,,True,
IMG_0332.jpg,images/IMG_0332.jpg,1.1 MB,1536,2048,,,,needs-review,,True,
IMG_0333.jpg,images/IMG_0333.jpg,1.0 MB,2048,1536,,,,needs-review,,True,
IMG_0335.jpg,images/IMG_0335.jpg,943.8 KB,2048,1536,,,,needs-review,,True,
IMG_0337.jpg,images/IMG_0337.jpg,1.1 MB,1536,2048,,,,needs-review,,True,
IMG_0338.jpg,images/IMG_0338.jpg,1.2 MB,2048,1536,,,,needs-review,,True,
IMG_0349.jpg,images/IMG_0349.jpg,1.3 MB,1536,2730,,,,needs-review,,True,
IMG_0350.jpg,images/IMG_0350.jpg,1.5 MB,1536,2730,,,,needs-review,,True,
IMG_0356.jpg,images/IMG_0356.jpg,1.3 MB,1536,2730,,,,needs-review,,True,
IMG_0363.jpg,images/IMG_0363.jpg,2.1 MB,2048,1536,,,,needs-review,,True,
IMG_0368.jpg,images/IMG_0368.jpg,1.8 MB,2730,1536,,,,needs-review,,True,
IMG_0378.jpg,images/IMG_0378.jpg,966.3 KB,1536,2730,,,,needs-review,,True,
IMG_0395.jpg,images/IMG_0395.jpg,1.4 MB,1536,2730,,,,needs-review,,True,
IMG_0397.jpg,images/IMG_0397.jpg,1.0 MB,1536,2730,,,,needs-review,,True,
IMG_0451.jpg,images/IMG_0451.jpg,1.4 MB,1536,2048,,,,needs-review,,True,
IMG_0453.jpg,images/IMG_0453.jpg,799.4 KB,1536,2048,,,,needs-review,,True,
IMG_0456.jpg,images/IMG_0456.jpg,751.5 KB,1536,2048,,,,needs-review,,True,
IMG_0457 (1).jpg,images/IMG_0457 (1).jpg,2.0 MB,1536,2730,,,,needs-review,,True,
IMG_0457.jpg,images/IMG_0457.jpg,518.2 KB,2048,1536,,,,needs-review,,True,
IMG_0459.jpg,images/IMG_0459.jpg,399.9 KB,1125,2436,,,,needs-review,,True,
IMG_0467.jpg,images/IMG_0467.jpg,1.2 MB,1536,2730,,,,needs-review,,True,
IMG_0474.jpg,images/IMG_0474.jpg,2.8 MB,1536,2730,,,,needs-review,,True,
IMG_0475.jpg,images/IMG_0475.jpg,2.7 MB,1536,2730,,,,needs-review,,True,
IMG_0476.jpg,images/IMG_0476.jpg,833.1 KB,1536,2730,,,,needs-review,,True,
IMG_0477.jpg,images/IMG_0477.jpg,847.1 KB,1536,2730,,,,needs-review,,True,
IMG_0482.jpg,images/IMG_0482.jpg,756.2 KB,1536,2730,,,,needs-review,,True,
IMG_0485.jpg,images/IMG_0485.jpg,1.5 MB,2730,1536,,,,needs-review,,True,
IMG_0486.jpg,images/IMG_0486.jpg,1.2 MB,2730,1536,,,,needs-review,,True,
IMG_0487.jpg,images/IMG_0487.jpg,1.3 MB,2730,1536,,,,needs-review,,True,
IMG_0488.jpg,images/IMG_0488.jpg,1.4 MB,2730,1536,,,,needs-review,,True,
IMG_0495.jpg,images/IMG_0495.jpg,942.6 KB,1536,2730,,,,needs-review,,True,
IMG_0509.jpg,images/IMG_0509.jpg,1.6 MB,1536,2730,,,,needs-review,,True,
IMG_0530.jpg,images/IMG_0530.jpg,583.0 KB,1536,2048,,,,needs-review,,True,
IMG_0531.jpg,images/IMG_0531.jpg,470.3 KB,1125,2436,,,,needs-review,,True,
IMG_0545.jpg,images/IMG_0545.jpg,35.0 KB,399,299,,,,needs-review,,True,
IMG_0546.jpg,images/IMG_0546.jpg,34.4 KB,399,299,,,,needs-review,,True,
IMG_0547.jpg,images/IMG_0547.jpg,819.1 KB,1536,1536,,,,needs-review,,True,
IMG_0548.jpg,images/IMG_0548.jpg,1.2 MB,2048,1536,,,,needs-review,,True,
IMG_0549.jpg,images/IMG_0549.jpg,1.0 MB,2048,1536,,,,needs-review,,True,
IMG_0585.jpg,images/IMG_0585.jpg,66.7 KB,640,480,,,,needs-review,,True,
IMG_0586.jpg,images/IMG_0586.jpg,90.7 KB,648,365,,,,needs-review,,True,
IMG_0587.jpg,images/IMG_0587.jpg,26.0 KB,259,194,,,,needs-review,,True,
IMG_0588.jpg,images/IMG_0588.jpg,313.8 KB,720,1280,,,,needs-review,,True,
IMG_0594.jpg,images/IMG_0594.jpg,1.5 MB,1536,2730,,,,needs-review,,True,
IMG_0595.jpg,images/IMG_0595.jpg,831.8 KB,1536,2048,,,,needs-review,,True,
IMG_0596.jpg,images/IMG_0596.jpg,858.4 KB,1536,2048,,,,needs-review,,True,
IMG_0597.jpg,images/IMG_0597.jpg,758.1 KB,1536,2048,,,,needs-review,,True,
IMG_0598.jpg,images/IMG_0598.jpg,1.1 MB,1536,2048,,,,needs-review,,True,
IMG_0599.jpg,images/IMG_0599.jpg,691.5 KB,1536,2048,,,,needs-review,,True,
IMG_0600 (1).jpg,images/IMG_0600 (1).jpg,753.2 KB,1536,2048,,,,needs-review,,True,
IMG_0600.jpg,images/IMG_0600.jpg,612.3 KB,2048,1536,,,,needs-review,,True,
IMG_0601 (1).jpg,images/IMG_0601 (1).jpg,972.6 KB,1536,2048,,,,needs-review,,True,
IMG_0601.jpg,images/IMG_0601.jpg,598.6 KB,2048,1536,,,,needs-review,,True,
IMG_0602 (1).jpg,images/IMG_0602 (1).jpg,720.2 KB,1536,2048,,,,needs-review,,True,
IMG_0602.jpg,images/IMG_0602.jpg,638.4 KB,2048,1536,,,,needs-review,,True,
IMG_0603.jpg,images/IMG_0603.jpg,1.1 MB,1536,2730,,,,needs-review,,True,
IMG_0652.jpg,images/IMG_0652.jpg,1.3 MB,1536,2730,,,,needs-review,,True,
IMG_0660.jpg,images/IMG_0660.jpg,563.0 KB,1536,2048,,,,needs-review,,True,
IMG_0676.jpg,images/IMG_0676.jpg,1.5 MB,1536,2730,,,,needs-review,,True,
IMG_0677.jpg,images/IMG_0677.jpg,1.4 MB,1536,2730,,,,needs-review,,True,
IMG_0700.jpg,images/IMG_0700.jpg,1.2 MB,1536,2730,,,,needs-review,,True,
IMG_0716.jpg,images/IMG_0716.jpg,1.6 MB,1536,2048,,,,needs-review,,True,
IMG_0717.jpg,images/IMG_0717.jpg,1.4 MB,1536,2048,,,,needs-review,,True,
IMG_0718.jpg,images/IMG_0718.jpg,2.5 MB,1536,2730,,,,needs-review,,True,
IMG_0719.jpg,images/IMG_0719.jpg,1.4 MB,1536,2048,,,,needs-review,,True,
IMG_0731.jpg,images/IMG_0731.jpg,1.9 MB,1536,2730,,,,needs-review,,True,
IMG_0732.jpg,images/IMG_0732.jpg,2.0 MB,1536,2730,,,,needs-review,,True,
IMG_0743.jpg,images/IMG_0743.jpg,1.3 MB,1536,2730,,,,needs-review,,True,
IMG_0745.jpg,images/IMG_0745.jpg,1.9 MB,1536,2730,,,,needs-review,,True,
IMG_0746.jpg,images/IMG_0746.jpg,1.9 MB,1536,2730,,,,needs-review,,True,
IMG_0747.jpg,images/IMG_0747.jpg,1.5 MB,1536,2730,,,,needs-review,,True,
IMG_0748.jpg,images/IMG_0748.jpg,1.2 MB,2730,1536,,,,needs-review,,True,
IMG_0749.jpg,images/IMG_0749.jpg,1.3 MB,1536,2730,,,,needs-review,,True,
IMG_0750.jpg,images/IMG_0750.jpg,912.3 KB,1942,1924,,,,needs-review,,True,
IMG_0751.jpg,images/IMG_0751.jpg,1.3 MB,1536,2730,,,,needs-review,,True,
IMG_0765.jpg,images/IMG_0765.jpg,865.6 KB,2730,1536,,,,needs-review,,True,
IMG_0766.jpg,images/IMG_0766.jpg,1004.1 KB,1536,2730,,,,needs-review,,True,
IMG_0767.jpg,images/IMG_0767.jpg,868.9 KB,1536,2730,,,,needs-review,,True,
IMG_0768.jpg,images/IMG_0768.jpg,1.1 MB,1536,2730,,,,needs-review,,True,
IMG_0769.jpg,images/IMG_0769.jpg,1008.5 KB,2730,1536,,,,needs-review,,True,
IMG_0770.jpg,images/IMG_0770.jpg,921.7 KB,2730,1536,,,,needs-review,,True,
IMG_0771.jpg,images/IMG_0771.jpg,900.8 KB,1536,2730,,,,needs-review,,True,
IMG_0772.jpg,images/IMG_0772.jpg,939.8 KB,1536,2730,,,,needs-review,,True,
IMG_0773.jpg,images/IMG_0773.jpg,958.8 KB,1536,2730,,,,needs-review,,True,
IMG_0782.jpg,images/IMG_0782.jpg,799.4 KB,1536,2730,,,,needs-review,,True,
IMG_0783.jpg,images/IMG_0783.jpg,1.3 MB,1536,2730,,,,needs-review,,True,
IMG_0786.jpg,images/IMG_0786.jpg,839.3 KB,1536,2730,,,,needs-review,,True,
IMG_0787.jpg,images/IMG_0787.jpg,1.2 MB,1536,2730,,,,needs-review,,True,
IMG_0788.jpg,images/IMG_0788.jpg,1.3 MB,2730,1536,,,,needs-review,,True,
IMG_0793.jpg,images/IMG_0793.jpg,944.3 KB,1536,2730,,,,needs-review,,True,
IMG_0845.jpg,images/IMG_0845.jpg,820.1 KB,1536,2730,,,,needs-review,,True,
IMG_0846.jpg,images/IMG_0846.jpg,752.0 KB,1536,2730,,,,needs-review,,True,
IMG_0876.jpg,images/IMG_0876.jpg,2.0 MB,1536,2730,,,,needs-review,,True,
IMG_0877.jpg,images/IMG_0877.jpg,1.7 MB,1536,2730,,,,needs-review,,True,
IMG_0878.jpg,images/IMG_0878.jpg,2.3 MB,2730,1536,,,,needs-review,,True,
IMG_0879.jpg,images/IMG_0879.jpg,2.2 MB,2730,1536,,,,needs-review,,True,
IMG_0880.jpg,images/IMG_0880.jpg,2.3 MB,2730,1536,,,,needs-review,,True,
IMG_0881.jpg,images/IMG_0881.jpg,2.2 MB,2730,1536,,,,needs-review,,True,
IMG_0882.jpg,images/IMG_0882.jpg,2.2 MB,2730,1536,,,,needs-review,,True,
IMG_0883.jpg,images/IMG_0883.jpg,1.9 MB,1536,2048,,,,needs-review,,True,
IMG_0884.jpg,images/IMG_0884.jpg,2.0 MB,1536,2048,,,,needs-review,,True,
IMG_0885.jpg,images/IMG_0885.jpg,1.9 MB,1536,2048,,,,needs-review,,True,
IMG_0923.jpg,images/IMG_0923.jpg,1.9 MB,2048,1536,,,,needs-review,,True,
IMG_0924 (1).jpg,images/IMG_0924 (1).jpg,1.8 MB,1536,2048,,,,needs-review,,True,
IMG_0924.jpg,images/IMG_0924.jpg,1.8 MB,1536,2048,,,,needs-review,,True,
IMG_0925.jpg,images/IMG_0925.jpg,1.7 MB,2048,1536,,,,needs-review,,True,
IMG_0926 (1).jpg,images/IMG_0926 (1).jpg,1.0 MB,2730,1536,,,,needs-review,,True,
IMG_0926.jpg,images/IMG_0926.jpg,1.3 MB,1536,2048,,,,needs-review,,True,
IMG_0927 (1).jpg,images/IMG_0927 (1).jpg,1.1 MB,2730,1536,,,,needs-review,,True,
IMG_0927.jpg,images/IMG_0927.jpg,1.2 MB,1536,2048,,,,needs-review,,True,
IMG_0928.jpg,images/IMG_0928.jpg,1.2 MB,2048,1536,,,,needs-review,,True,
IMG_0929 (1).jpg,images/IMG_0929 (1).jpg,1.1 MB,2730,1536,,,,needs-review,,True,
IMG_0929.jpg,images/IMG_0929.jpg,1.2 MB,2048,1536,,,,needs-review,,True,
IMG_0930.jpg,images/IMG_0930.jpg,1.2 MB,1536,2048,,,,needs-review,,True,
IMG_0931 (1).jpg,images/IMG_0931 (1).jpg,1.2 MB,2730,1536,,,,needs-review,,True,
IMG_0931.jpg,images/IMG_0931.jpg,1.6 MB,1536,2048,,,,needs-review,,True,
IMG_0932 (1).jpg,images/IMG_0932 (1).jpg,1.3 MB,1536,2048,,,,needs-review,,True,
IMG_0932.jpg,images/IMG_0932.jpg,1.3 MB,1536,2048,,,,needs-review,,True,
IMG_0935.jpg,images/IMG_0935.jpg,1.3 MB,2048,1536,,,,needs-review,,True,
IMG_0936 (1).jpg,images/IMG_0936 (1).jpg,1.1 MB,2730,1536,,,,needs-review,,True,
IMG_0936.jpg,images/IMG_0936.jpg,1.4 MB,1536,2048,,,,needs-review,,True,
IMG_0937.jpg,images/IMG_0937.jpg,918.2 KB,1536,2048,,,,needs-review,,True,
IMG_0939 (1).jpg,images/IMG_0939 (1).jpg,974.9 KB,2048,1536,,,,needs-review,,True,
IMG_0939.jpg,images/IMG_0939.jpg,974.9 KB,2048,1536,,,,needs-review,,True,
IMG_0940.jpg,images/IMG_0940.jpg,918.7 KB,2048,1536,,,,needs-review,,True,
IMG_0945 (1).jpg,images/IMG_0945 (1).jpg,1.1 MB,2730,1536,,,,needs-review,,True,
IMG_0945.jpg,images/IMG_0945.jpg,744.0 KB,1536,2048,,,,needs-review,,True,
IMG_0959 (1).jpg,images/IMG_0959 (1).jpg,1.2 MB,2730,1536,,,,needs-review,,True,
IMG_0959.jpg,images/IMG_0959.jpg,978.7 KB,1536,2048,,,,needs-review,,True,
IMG_0960.jpg,images/IMG_0960.jpg,1.0 MB,1536,2048,,,,needs-review,,True,
IMG_0961.jpg,images/IMG_0961.jpg,933.1 KB,1536,2048,,,,needs-review,,True,
IMG_0962.jpg,images/IMG_0962.jpg,994.6 KB,1536,2048,,,,needs-review,,True,
IMG_0963.jpg,images/IMG_0963.jpg,1.1 MB,1536,2048,,,,needs-review,,True,
IMG_0964.jpg,images/IMG_0964.jpg,995.4 KB,1536,2048,,,,needs-review,,True,
IMG_0975.jpg,images/IMG_0975.jpg,1.9 MB,2730,1536,,,,needs-review,,True,
IMG_0978.jpg,images/IMG_0978.jpg,1.9 MB,1536,2730,,,,needs-review,,True,
IMG_0989.jpg,images/IMG_0989.jpg,2.0 MB,2730,1536,,,,needs-review,,True,
IMG_0990.jpg,images/IMG_0990.jpg,2.5 MB,1536,2730,,,,needs-review,,True,
IMG_0997.jpg,images/IMG_0997.jpg,1.8 MB,1536,2730,,,,needs-review,,True,
IMG_0999.jpg,images/IMG_0999.jpg,1.8 MB,2730,1536,,,,needs-review,,True,
IMG_1062.jpg,images/IMG_1062.jpg,2.1 MB,1536,2730,,,,needs-review,,True,
IMG_1105.jpg,images/IMG_1105.jpg,470.7 KB,1536,2048,,,,needs-review,,True,
IMG_1163.jpg,images/IMG_1163.jpg,958.4 KB,1536,2730,,,,needs-review,,True,
IMG_1164.jpg,images/IMG_1164.jpg,1.1 MB,1536,2730,,,,needs-review,,True,
IMG_1165.jpg,images/IMG_1165.jpg,929.3 KB,1536,2730,,,,needs-review,,True,
IMG_1167.jpg,images/IMG_1167.jpg,919.7 KB,1536,2730,,,,needs-review,,True,
IMG_1301.jpg,images/IMG_1301.jpg,2.0 MB,1536,2730,,,,needs-review,,True,
IMG_1348.jpg,images/IMG_1348.jpg,1.2 MB,1330,2364,,,,needs-review,,True,
IMG_1353.jpg,images/IMG_1353.jpg,1.0 MB,1330,2364,,,,needs-review,,True,
IMG_1365.jpg,images/IMG_1365.jpg,845.9 KB,1330,2364,,,,needs-review,,True,
IMG_1367.jpg,images/IMG_1367.jpg,1.4 MB,1536,2730,,,,needs-review,,True,
IMG_1368.jpg,images/IMG_1368.jpg,921.9 KB,1536,2730,,,,needs-review,,True,
IMG_1369.jpg,images/IMG_1369.jpg,710.9 KB,2048,1536,,,,needs-review,,True,
IMG_1370.jpg,images/IMG_1370.jpg,816.9 KB,2048,1536,,,,needs-review,,True,
IMG_1371.jpg,images/IMG_1371.jpg,820.0 KB,1536,2048,,,,needs-review,,True,
IMG_1372.jpg,images/IMG_1372.jpg,863.8 KB,1536,2048,,,,needs-review,,True,
IMG_1373.jpg,images/IMG_1373.jpg,908.6 KB,1536,2730,,,,needs-review,,True,
IMG_1374.jpg,images/IMG_1374.jpg,984.3 KB,2730,1536,,,,needs-review,,True,
IMG_1375.jpg,images/IMG_1375.jpg,1.7 MB,1536,2730,,,,needs-review,,True,
IMG_1376.jpg,images/IMG_1376.jpg,896.1 KB,1330,2364,,,,needs-review,,True,
IMG_1483 (1).jpg,images/IMG_1483 (1).jpg,1.2 MB,1536,2730,,,,needs-review,,True,
IMG_1483.jpg,images/IMG_1483.jpg,967.2 KB,1330,2364,,,,needs-review,,True,
IMG_1484.jpg,images/IMG_1484.jpg,785.2 KB,2364,1330,,,,needs-review,,True,
IMG_1514.jpg,images/IMG_1514.jpg,851.4 KB,1330,2364,,,,needs-review,,True,
IMG_1525.jpg,images/IMG_1525.jpg,835.1 KB,1330,2364,,,,needs-review,,True,
IMG_1527.jpg,images/IMG_1527.jpg,791.0 KB,1330,2364,,,,needs-review,,True,
IMG_1581.jpg,images/IMG_1581.jpg,606.2 KB,1536,2048,,,,needs-review,,True,
IMG_1585.jpg,images/IMG_1585.jpg,517.5 KB,2048,1536,,,,needs-review,,True,
IMG_1600.jpg,images/IMG_1600.jpg,1.1 MB,2364,1330,,,,needs-review,,True,
IMG_1639.jpg,images/IMG_1639.jpg,1.2 MB,2364,1330,,,,needs-review,,True,
IMG_1648.jpg,images/IMG_1648.jpg,774.6 KB,1536,2048,,,,needs-review,,True,
IMG_1654.jpg,images/IMG_1654.jpg,715.4 KB,1536,2048,,,,needs-review,,True,
IMG_1655.jpg,images/IMG_1655.jpg,693.1 KB,1536,2048,,,,needs-review,,True,
IMG_1659.jpg,images/IMG_1659.jpg,562.7 KB,1536,2048,,,,needs-review,,True,
IMG_1892.jpg,images/IMG_1892.jpg,934.3 KB,2364,1330,,,,needs-review,,True,
IMG_1949.jpg,images/IMG_1949.jpg,1.7 MB,1330,2364,,,,needs-review,,True,
IMG_1954 (1).jpg,images/IMG_1954 (1).jpg,850.4 KB,1536,2048,,,,needs-review,,True,
IMG_1954.jpg,images/IMG_1954.jpg,1.6 MB,2364,1330,,,,needs-review,,True,
IMG_1955.jpg,images/IMG_1955.jpg,895.8 KB,1536,2048,,,,needs-review,,True,
IMG_1956.jpg,images/IMG_1956.jpg,852.4 KB,1536,2048,,,,needs-review,,True,
IMG_1971.jpg,images/IMG_1971.jpg,920.7 KB,2048,1536,,,,needs-review,,True,
IMG_1972.jpg,images/IMG_1972.jpg,794.6 KB,2048,1536,,,,needs-review,,True,
IMG_1973.jpg,images/IMG_1973.jpg,699.5 KB,2364,1330,,,,needs-review,,True,
IMG_2018.jpg,images/IMG_2018.jpg,852.3 KB,2048,1365,,,,needs-review,,True,
IMG_2192.jpg,images/IMG_2192.jpg,480.7 KB,1330,2364,,,,needs-review,,True,
IMG_2222.jpg,images/IMG_2222.jpg,871.3 KB,1536,2048,,,,needs-review,,True,
IMG_2252.jpg,images/IMG_2252.jpg,563.9 KB,2364,1330,,,,needs-review,,True,
IMG_2370.jpg,images/IMG_2370.jpg,850.2 KB,1536,2048,,,,needs-review,,True,
IMG_2451.jpg,images/IMG_2451.jpg,851.1 KB,2364,1330,,,,needs-review,,True,
IMG_2458.jpg,images/IMG_2458.jpg,1003.0 KB,1536,2048,,,,needs-review,,True,
IMG_2508.jpg,images/IMG_2508.jpg,137.7 KB,733,948,,,,needs-review,,True,
IMG_2561.jpg,images/IMG_2561.jpg,987.6 KB,1536,2048,,,,needs-review,,True,
IMG_2562 (1).jpg,images/IMG_2562 (1).jpg,955.3 KB,1536,2048,,,,needs-review,,True,
IMG_2562.jpg,images/IMG_2562.jpg,955.3 KB,1536,2048,,,,needs-review,,True,
IMG_2672.jpg,images/IMG_2672.jpg,829.3 KB,1536,2048,,,,needs-review,,True,
IMG_2691.jpg,images/IMG_2691.jpg,18.8 KB,259,194,,,,needs-review,,True,
IMG_2751.jpg,images/IMG_2751.jpg,728.1 KB,1330,2364,,,,needs-review,,True,
IMG_2830.jpg,images/IMG_2830.jpg,1.2 MB,1330,2364,,,,needs-review,,True,
IMG_2859 (1).jpg,images/IMG_2859 (1).jpg,1.4 MB,1536,2730,,,,needs-review,,True,
IMG_2859.jpg,images/IMG_2859.jpg,1.1 MB,1330,2364,,,,needs-review,,True,
IMG_2860.jpg,images/IMG_2860.jpg,796.4 KB,1330,2364,,,,needs-review,,True,
IMG_2861.jpg,images/IMG_2861.jpg,792.1 KB,1536,2048,,,,needs-review,,True,
IMG_2862.jpg,images/IMG_2862.jpg,784.7 KB,1330,2364,,,,needs-review,,True,
IMG_2863 (1).jpg,images/IMG_2863 (1).jpg,781.0 KB,1536,2048,,,,needs-review,,True,
IMG_2863.jpg,images/IMG_2863.jpg,781.0 KB,1536,2048,,,,needs-review,,True,
IMG_2879.jpg,images/IMG_2879.jpg,877.9 KB,1330,2364,,,,needs-review,,True,
IMG_2925.jpg,images/IMG_2925.jpg,561.2 KB,1330,2364,,,,needs-review,,True,
IMG_3304.jpg,images/IMG_3304.jpg,696.4 KB,2364,1330,,,,needs-review,,True,
IMG_3305.jpg,images/IMG_3305.jpg,703.5 KB,1330,2364,,,,needs-review,,True,
IMG_3536.jpeg,images/IMG_3536.jpeg,1.2 MB,1536,2048,,,,needs-review,,True,
IMG_3537.jpeg,images/IMG_3537.jpeg,654.1 KB,2048,1536,,,,needs-review,,True,
IMG_3558.jpeg,images/IMG_3558.jpeg,1.2 MB,1536,2048,,,,needs-review,,True,
IMG_3559.jpeg,images/IMG_3559.jpeg,613.3 KB,2048,1152,,,,needs-review,,True,
IMG_3884.jpg,images/IMG_3884.jpg,817.7 KB,1536,2730,,,,needs-review,,True,
IMG_3885 (1).jpg,images/IMG_3885 (1).jpg,691.7 KB,1536,2048,,,,needs-review,,True,
IMG_3885.jpg,images/IMG_3885.jpg,691.7 KB,1536,2048,,,,needs-review,,True,
IMG_4399.jpg,images/IMG_4399.jpg,1.3 MB,2730,1536,,,,needs-review,,True,
IMG_4402.jpg,images/IMG_4402.jpg,1.1 MB,2730,1536,,,,needs-review,,True,
IMG_4677.jpg,images/IMG_4677.jpg,556.6 KB,1536,2048,,,,needs-review,,True,
IMG_4678.jpg,images/IMG_4678.jpg,530.5 KB,1536,2048,,,,needs-review,,True,
IMG_5113.jpg,images/IMG_5113.jpg,962.4 KB,1536,2730,,,,needs-review,,True,
IMG_5114.jpg,images/IMG_5114.jpg,915.2 KB,1536,2730,,,,needs-review,,True,
IMG_5115.jpg,images/IMG_5115.jpg,954.8 KB,1536,2730,,,,needs-review,,True,
IMG_5116.jpg,images/IMG_5116.jpg,829.3 KB,1536,2730,,,,needs-review,,True,
IMG_5117.jpg,images/IMG_5117.jpg,679.2 KB,1536,2048,,,,needs-review,,True,
IMG_5118.jpg,images/IMG_5118.jpg,626.7 KB,1536,2048,,,,needs-review,,True,
IMG_5119 (1).jpg,images/IMG_5119 (1).jpg,858.0 KB,1536,2048,,,,needs-review,,True,
IMG_5119.jpg,images/IMG_5119.jpg,858.0 KB,1536,2048,,,,needs-review,,True,
IMG_5120.jpg,images/IMG_5120.jpg,805.1 KB,1536,2048,,,,needs-review,,True,
IMG_5125 (1).jpg,images/IMG_5125 (1).jpg,705.5 KB,2048,1536,,,,needs-review,,True,
IMG_5125.jpg,images/IMG_5125.jpg,705.5 KB,2048,1536,,,,needs-review,,True,
IMG_5126.jpg,images/IMG_5126.jpg,683.2 KB,2048,1536,,,,needs-review,,True,
IMG_5418.jpg,images/IMG_5418.jpg,1.2 MB,1536,2730,,,,needs-review,,True,
IMG_5419.jpg,images/IMG_5419.jpg,980.5 KB,1536,2730,,,,needs-review,,True,
IMG_5477.jpg,images/IMG_5477.jpg,1.5 MB,2730,1536,,,,needs-review,,True,
IMG_5478.jpg,images/IMG_5478.jpg,1.3 MB,2730,1536,,,,needs-review,,True,
IMG_5480.jpg,images/IMG_5480.jpg,978.3 KB,2730,1536,,,,needs-review,,True,
IMG_5486.jpg,images/IMG_5486.jpg,1.3 MB,1536,2730,,,,needs-review,,True,
IMG_5487.jpg,images/IMG_5487.jpg,1.0 MB,1536,2730,,,,needs-review,,True,
IMG_5696.jpg,images/IMG_5696.jpg,1.1 MB,2048,1536,,,,needs-review,,True,
IMG_5697.jpg,images/IMG_5697.jpg,1002.8 KB,2048,1536,,,,needs-review,,True,
IMG_6087.jpg,images/IMG_6087.jpg,953.1 KB,1536,2730,,,,needs-review,,True,
IMG_6088 (1).jpg,images/IMG_6088 (1).jpg,705.0 KB,1536,2730,,,,needs-review,,True,
IMG_6088.jpg,images/IMG_6088.jpg,705.0 KB,1536,2730,,,,needs-review,,True,
IMG_6471.jpg,images/IMG_6471.jpg,448.0 KB,1536,2048,,,,needs-review,,True,
IMG_6473 (1).jpg,images/IMG_6473 (1).jpg,447.8 KB,1536,2048,,,,needs-review,,True,
IMG_6473.jpg,images/IMG_6473.jpg,447.8 KB,1536,2048,,,,needs-review,,True,
IMG_6476.jpg,images/IMG_6476.jpg,638.8 KB,2048,1536,,,,needs-review,,True,
IMG_6502.jpg,images/IMG_6502.jpg,360.3 KB,2048,1152,,,,needs-review,,True,
IMG_6542.jpg,images/IMG_6542.jpg,212.2 KB,1164,2332,,,,needs-review,,True,
IMG_6570.jpg,images/IMG_6570.jpg,790.0 KB,2048,1536,,,,needs-review,,True,
IMG_6571.jpg,images/IMG_6571.jpg,799.3 KB,2048,1536,,,,needs-review,,True,
IMG_6574.jpg,images/IMG_6574.jpg,1.0 MB,2048,1536,,,,needs-review,,True,
IMG_6575.jpg,images/IMG_6575.jpg,1.3 MB,2048,1536,,,,needs-review,,True,
IMG_6576.jpg,images/IMG_6576.jpg,1.3 MB,2048,1536,,,,needs-review,,True,
IMG_6577.jpg,images/IMG_6577.jpg,1.2 MB,2048,1536,,,,needs-review,,True,
IMG_6971.jpg,images/IMG_6971.jpg,906.1 KB,1536,2049,,,,needs-review,,True,
IMG_6973.jpg,images/IMG_6973.jpg,982.1 KB,1537,2049,,,,needs-review,,True,
IMG_7004.jpg,images/IMG_7004.jpg,505.7 KB,2208,1170,,,,needs-review,,True,
IMG_7319.jpg,images/IMG_7319.jpg,1.6 MB,2436,1536,,,,needs-review,,True,
IMG_7424.jpg,images/IMG_7424.jpg,2.1 MB,2730,1536,,,,needs-review,,True,
IMG_7425.jpg,images/IMG_7425.jpg,1.9 MB,2730,1536,,,,needs-review,,True,
IMG_7428.jpg,images/IMG_7428.jpg,1.1 MB,1536,2048,,,,needs-review,,True,
IMG_7429.jpg,images/IMG_7429.jpg,1.2 MB,2048,1536,,,,needs-review,,True,
IMG_9463.jpg,images/IMG_9463.jpg,1.0 MB,1536,2048,,,,needs-review,,True,
IMG_9464.jpg,images/IMG_9464.jpg,891.8 KB,1536,2048,,,,needs-review,,True,
IMG_9466.jpg,images/IMG_9466.jpg,825.7 KB,1536,2048,,,,needs-review,,True,
IMG_9471.jpg,images/IMG_9471.jpg,539.2 KB,1170,2208,,,,needs-review,,True,
IMG_9472.jpg,images/IMG_9472.jpg,940.3 KB,2048,1536,,,,needs-review,,True,
IMG_9474.jpg,images/IMG_9474.jpg,697.1 KB,1536,2048,,,,needs-review,,True,
IMG_9502.jpg,images/IMG_9502.jpg,1.1 MB,1536,2048,,,,needs-review,,True,
IMG_9503.jpg,images/IMG_9503.jpg,1.1 MB,1536,2048,,,,needs-review,,True,
IMG_9504.jpg,images/IMG_9504.jpg,1.2 MB,1536,2048,,,,needs-review,,True,
IMG_9515.jpg,images/IMG_9515.jpg,2.2 MB,4538,1536,,,,needs-review,,True,
IMG_9668.jpg,images/IMG_9668.jpg,1.1 MB,1536,2048,,,,needs-review,,True,
IMG_9669.jpg,images/IMG_9669.jpg,1.2 MB,2048,1536,,,,needs-review,,True,
IMG_9670.jpg,images/IMG_9670.jpg,755.8 KB,1536,2048,,,,needs-review,,True,
IMG_9671.jpg,images/IMG_9671.jpg,739.3 KB,2048,1536,,,,needs-review,,True,
IMG_9672.jpg,images/IMG_9672.jpg,1.1 MB,2048,1536,,,,needs-review,,True,
IMG_9687.jpg,images/IMG_9687.jpg,1.2 MB,1536,2730,,,,needs-review,,True,
IMG_9688.jpg,images/IMG_9688.jpg,618.1 KB,1536,2048,,,,needs-review,,True,
IMG_9691.jpg,images/IMG_9691.jpg,555.1 KB,1536,2048,,,,needs-review,,True,
IMG_9887.jpg,images/IMG_9887.jpg,809.0 KB,2364,1330,,,,needs-review,,True,
IMG_9888.jpg,images/IMG_9888.jpg,1004.1 KB,2730,1536,,,,needs-review,,True,
IMG_9897 (1).jpg,images/IMG_9897 (1).jpg,655.0 KB,1536,2048,,,,needs-review,,True,
IMG_9897.jpg,images/IMG_9897.jpg,655.0 KB,1536,2048,,,,needs-review,,True,
IMG_9898.jpg,images/IMG_9898.jpg,1008.8 KB,1536,2048,,,,needs-review,,True,
IMG_9902.jpg,images/IMG_9902.jpg,1.3 MB,1536,2730,,,,needs-review,,True,
IMG_9910.jpg,images/IMG_9910.jpg,928.9 KB,2730,1536,,,,needs-review,,True,
IMG_9911.jpg,images/IMG_9911.jpg,1.0 MB,2730,1536,,,,needs-review,,True,
IMG_9915 (1).jpg,images/IMG_9915 (1).jpg,802.4 KB,2365,1330,,,,needs-review,,True,
IMG_9915.jpg,images/IMG_9915.jpg,1.0 MB,2730,1536,,,,needs-review,,True,
IMG_9929.jpg,images/IMG_9929.jpg,1.6 MB,1536,2048,,,,needs-review,,True,
IMG_9930.jpg,images/IMG_9930.jpg,1.3 MB,2048,1536,,,,needs-review,,True,
IMG_9931.jpg,images/IMG_9931.jpg,1.0 MB,2048,1536,,,,needs-review,,True,
IMG_9962.jpg,images/IMG_9962.jpg,823.6 KB,2048,1536,,,,needs-review,,True,
IMG_9963.jpg,images/IMG_9963.jpg,710.8 KB,2048,1536,,,,needs-review,,True,
